{
  "molecule": "formaldehyde",
  "basis": "def2-tzvp",
  "active_space": {
    "nelecas": 6,
    "ncas": 5,
    "selection": {
      "method": "AVAS",
      "ao_labels": [
        "C 2s",
        "C 2p",
        "O 2s",
        "O 2p"
      ],
      "avas_ncas": 8,
      "avas_nelecas": 12
    }
  },
  "sa_casscf": {
    "method": "SA-CASSCF(6,5)/def2-tzvp",
    "nroots": 6,
    "weights": [
      0.16666666666666666,
      0.16666666666666666,
      0.16666666666666666,
      0.16666666666666666,
      0.16666666666666666,
      0.16666666666666666
    ],
    "e_states_ha": [
      -113.96450967209745,
      -113.82365209158758,
      -113.808311090551,
      -113.74601455722018,
      -113.58273796513454,
      -113.57358746995808
    ],
    "excitation_ev": [
      0.0,
      3.8329300289295194,
      4.2503799335358545,
      5.945554963786943,
      10.388537375957844,
      10.637535034546445
    ]
  },
  "casci": {
    "method": "CASCI(6,5)/def2-tzvp @ SA-CASSCF orbitals",
    "nroots": 6,
    "e_states_ha": [
      -113.96450967214909,
      -113.82365209159103,
      -113.80831109055791,
      -113.74601455722153,
      -113.58273796557137,
      -113.57358747017743
    ],
    "excitation_ev": [
      0.0,
      3.832930030240809,
      4.250379934753177,
      5.9455549651554644,
      10.38853736547642,
      10.637535029983033
    ],
    "noons": [
      [
        1.9986517903929581,
        1.9809453186572399,
        1.925205482074362,
        0.07581374049946987,
        0.019383668375971583
      ],
      [
        1.9882971745127025,
        1.9823187661365618,
        1.0112909412731874,
        1.0081665834422455,
        0.009926534635301187
      ],
      [
        1.9883395834237891,
        1.9811785831539663,
        1.01142796917389,
        1.0095037832603317,
        0.009550080988022012
      ],
      [
        1.9988264234328388,
        1.9910337798205076,
        1.0004173236247142,
        0.9996977673569812,
        0.01002470576495473
      ],
      [
        1.848275592134423,
        1.8294775896808402,
        1.1509166398467996,
        1.1487465298757773,
        0.022583648462161102
      ],
      [
        1.8485724580515064,
        1.8313954311593779,
        1.1507352407978984,
        1.1484468825933232,
        0.020849987397893267
      ]
    ]
  },
  "nevpt2": {
    "method": "NEVPT2//CASCI(6,5)/def2-tzvp @ SA-CASSCF orbitals",
    "corr_ha": [
      -0.36867241676181567,
      -0.37448943928819484,
      -0.3741801652795983,
      -0.3550954509678786,
      -0.3814265484865641,
      -0.3818760347377735
    ],
    "corr_ev": [
      -10.032087530747626,
      -10.190376777514542,
      -10.181961003010777,
      -9.662639470480237,
      -10.379145135341965,
      -10.391376279335885
    ],
    "e_states_ha": [
      -114.3331820889109,
      -114.19814153087923,
      -114.1824912558375,
      -114.10111000818941,
      -113.96416451405793,
      -113.9554635049152
    ],
    "excitation_ev": [
      0.0,
      3.674640783473693,
      4.100506462489931,
      6.315003025422678,
      10.041479760882101,
      10.27824628139469
    ],
    "errors": [
      "",
      "",
      "",
      "",
      "",
      ""
    ]
  }
}